INSERT INTO autore VALUES (DEFAULT, 'J. K. Rowling', '31/07/1965', NULL);
INSERT INTO autore VALUES (DEFAULT, 'J. R. R. Tolkien', '03/01/1892', NULL);
INSERT INTO autore VALUES (DEFAULT, 'M. Sipser', '17/09/1954', 'Massachusetts Institute of Technology');
INSERT INTO serie VALUES (DEFAULT, 'Harry Potter');
INSERT INTO libro VALUES ('9788877827029', 'Harry Potter e la Pietra Filosofale', 'Fantasy', '26/06/1997', 'Romanzo', 'Salani Editore', TRUE, TRUE, TRUE, NULL);
INSERT INTO rel_libro_serie VALUES ('9788877827029', 1);
INSERT INTO libro VALUES ('9781133187790', 'Introduction to the Theory of Computation', 'Informatica', '27/06/2012', 'Didattico', 'Course Technology Ptr', TRUE, TRUE, FALSE, NULL);
INSERT INTO rivista VALUES ('5649-9971','PC World', 6, 'Informatica', 1986, 'Jon Phillips');
INSERT INTO conferenza VALUES (DEFAULT, 'Berkeley', 'Università dei Berkeley', '28/05/1986', '30/07/1986', 'Gene Lawler');
INSERT INTO articoloscientifico VALUES (DEFAULT, 'Expanders, randomness, or time versus space', 'Informatica', 'Grafo Expander', 1986, 'Elisa Bertino', TRUE, TRUE, FALSE, '5649-9971', 6, 1);
INSERT INTO rel_autore_articolo VALUES (3, 1);
INSERT INTO negozio VALUES (DEFAULT, 'Mondadori Store', 'mondadoristore.it');
INSERT INTO puntovendita VALUES (DEFAULT, 'Mondadori Store Napoli', 'Napoli', 1);
INSERT INTO rel_libro_negozio VALUES ('9788877827029', 10.49, 1);
INSERT INTO serie VALUES (DEFAULT, 'Il Signore degli Anelli');
INSERT INTO libro VALUES ('9788830105287', 'Il Ritorno del Re', 'Fantasy', '20/10/1955', 'Romanzo', 'Bompiani', TRUE, TRUE, TRUE, NULL);
INSERT INTO libro VALUES ('9788830105270', 'Le Due Torri', 'Fantasy', '11/11/1954', 'Romanzo', 'Bompiani', TRUE, TRUE, TRUE, '9788830105287');
INSERT INTO libro VALUES ('9788845299193', 'La Compagnia dell''Anello', 'Fantasy', '29/07/1954', 'Romanzo', 'Bompiani', TRUE, TRUE, TRUE, '9788830105270');
INSERT INTO libro VALUES ('9788845268342', 'Lo Hobbit', 'Fantasy', '21/09/1937', 'Romanzo', 'Bompiani', TRUE, TRUE, TRUE, '9788845299193');
INSERT INTO rel_libro_serie VALUES ('9788845299193', 2);
INSERT INTO rel_libro_negozio VALUES ('9788845299193', 15.00, 1);
INSERT INTO utente VALUES ('admin', 'admin', 'Amministratore');
INSERT INTO utente VALUES ('VincenzoPalma', '12345', 'Utente');
INSERT INTO utente VALUES ('AngeloRiccio', '43210', 'Utente');
INSERT INTO utente VALUES ('GiovanniPaone', 'abcde', 'Utente');
INSERT INTO rel_serie_utente VALUES ('GiovanniPaone', 2);
INSERT INTO collana VALUES ('5902-8503', 'Primi Fantasy', 'Primi libri di serie fantasy', NULL, '10/07/2009', 'Mario Rossi', 'Mondadori');
INSERT INTO sala VALUES (DEFAULT, 'Spazio Pin', 'Viale Sondrio 5, 20124, Milano', 30);
INSERT INTO libro VALUES ('9788831003391', 'Harry Potter e la Camera dei Segreti', 'Fantasy', '02/07/1998', 'Romanzo', 'Salani Editore', TRUE, TRUE, TRUE, NULL);
UPDATE libro SET seguito = '9788831003391' WHERE isbn = '9788877827029';
INSERT INTO libro VALUES ('9788804577027', 'La Solitudine dei Numeri Primi', 'Narrativa psicologica', '25/01/2008', 'Romanzo', 'Mondadori', TRUE, FALSE, FALSE, NULL);
INSERT INTO autore VALUES (DEFAULT, 'Paolo Giordano', '19/12/1982', NULL);
INSERT INTO rel_autore_libro VALUES (4, '9788804577027');
INSERT INTO rel_libro_negozio VALUES ('9788804577027', 10.99, 1);
INSERT INTO rel_libro_sala VALUES ('9788804577027', 1, '20/01/2008');
INSERT INTO libro VALUES ('9788891902504', 'Sistemi di basi di dati. Fondamenti e complementi', 'Informatica', '19/01/2018', 'Didattico', 'Pearson', TRUE, TRUE, FALSE, NULL);
INSERT INTO autore VALUES (DEFAULT, 'Ramez A. Elmasri', '20/10/1950', 'University of Texas at Arlington');
INSERT INTO rel_autore_libro VALUES (5, '9788891902504');
INSERT INTO autore VALUES (DEFAULT, 'Shamkant B.Navathe', NULL, 'Georgia Tech College of Computing');
INSERT INTO rel_autore_libro VALUES (6, '9788891902504');
INSERT INTO negozio VALUES (DEFAULT, 'Libraccio.it', 'libraccio.it');
INSERT INTO rel_libro_negozio VALUES ('9788891902504', 35.99, 2);
INSERT INTO conferenza VALUES (DEFAULT, 'Akihabara', 'Radio Kaikan', '28/07/2010', '28/07/2010', 'Shouichi Makise');
INSERT INTO articoloscientifico VALUES (DEFAULT, 'Tesi sulla struttura basilare della macchina del tempo.', 'Fisica', 'Viaggi temporali', 2010, 'Kodansha', TRUE, FALSE, FALSE, NULL, NULL, 2);
INSERT INTO autore VALUES (DEFAULT, 'Shouichi Makise', '13/01/1967', 'Viktor Chondria University');
INSERT INTO rel_autore_articolo VALUES (7, 2);
INSERT INTO libro VALUES ('9788831003445', 'Harry Potter e i Doni della Morte', 'Fantasy', '21/07/2007', 'Romanzo', 'Salani Editore', TRUE, TRUE, TRUE, NULL);
INSERT INTO libro VALUES ('9788831003438', 'Harry Potter e il Principe Mezzo Sangue', 'Fantasy', '16/07/2005', 'Romanzo', 'Salani Editore', TRUE, TRUE, TRUE, '9788831003445');
INSERT INTO libro VALUES ('9788831003421', 'Harry Potter e l''Ordine della Fenice', 'Fantasy', '21/08/2003', 'Romanzo', 'Salani Editore', TRUE, TRUE, TRUE, '9788831003438');
INSERT INTO libro VALUES ('9788867155989', 'Harry Potter e il Calice di Fuoco', 'Fantasy', '08/07/2000', 'Romanzo', 'Salani Editore', TRUE, TRUE, TRUE, '9788831003421');
INSERT INTO libro VALUES ('9788869186127', 'Harry Potter e il Prigioniero di Azkaban', 'Fantasy', '08/07/1999', 'Romanzo', 'Salani Editore', TRUE, TRUE, TRUE, '9788867155989');
UPDATE libro SET seguito = '9788869186127' WHERE isbn = '9788831003391';
INSERT INTO rel_autore_libro VALUES (1, '9788869186127'), (1, '9788867155989'), (1, '9788831003421'), (1, '9788831003438'), (1, '9788831003445');
INSERT INTO rel_libro_serie VALUES ('9788867155989', 1), ('9788831003421', 1), ('9788831003438', 1), ('9788831003445', 1);
INSERT INTO rel_libro_serie VALUES ('9788830105287', 2), ('9788830105270', 2), ('9788845268342', 2);
INSERT INTO rel_autore_libro VALUES (2, '9788845268342'), (2, '9788830105270'), (2, '9788830105287');
INSERT INTO rel_libro_negozio VALUES ('9788830105287', 12.20, 2), ('9788830105270', 13.00, 2), ('9788845268342', 13.00, 2), ('9788845299193', 14.99, 2);
INSERT INTO conferenza VALUES (default, 'Toronto', 'The Fields Institute', '05/06/2022', '08/06/2022', 'Carmelo Drake');
INSERT INTO rivista VALUES ('4632-5744', 'National Geographic Biology', 3, 'Biologia', 2013, 'Luigi Tramontana');
INSERT INTO articoloscientifico VALUES (default, 'Super Shrimp: il gamberetto coi superpoteri (stomatopodi)', 'Biologia', 'Gambero Mantide', 2013, 'Le scienze Blog', FALSE, TRUE, FALSE, '4632-5744', 3, NULL);
INSERT INTO autore VALUES (default, 'Lisa Signorile', '05/09/1982', NULL);
INSERT INTO rel_autore_articolo VALUES (8, 3);
INSERT INTO rivista VALUES ('5631-2233', 'Joule', 6, 'Energia', 2022, 'Tom Brad');
INSERT INTO articoloscientifico VALUES (default, 'Empirically grounded technology forecasts and the energy transition.', 'Energia', 'Energia Rinnovabile', 2022, 'Patrick Reid', TRUE, TRUE, FALSE, '5631-2233', 6, 3);
INSERT INTO autore VALUES (default, 'Christian Ives', '13/07/1984', 'University of Oxford');
INSERT INTO autore VALUES (default, 'Penny Mealy', '07/12/1990', 'Santa Fe Institute');
INSERT INTO autore VALUES (default, 'Doyne Farmer', '09/11/1988', 'Univeristy of Oxford');
INSERT INTO rel_autore_articolo VALUES (9, 4), (10, 4), (11, 4);
INSERT INTO rivista VALUES ('5631-2233', 'Joule', 5, 'Natura', 2021, 'Tom Brad');
INSERT INTO articoloscientifico VALUES (default, 'Fibers to power the future', 'Natura', 'Fibre tessili', 2021, 'Patrick Reid', TRUE, TRUE, FALSE, '5631-2233', 5, NULL);
INSERT INTO autore VALUES (default, 'Liping Zhu', '26/10/1973', 'Donghua University');
INSERT INTO autore VALUES (default, 'Hao Sun', '16/10/1983', 'Donghua University');
INSERT INTO autore VALUES (default, 'Meifang Zhu', '06/11/1970', 'Shangahai Jiao Tong University');
INSERT INTO rel_autore_articolo VALUES (12, 5), (13, 5), (14, 5);
INSERT INTO autore VALUES (default, 'Dario Bressanini', '10/12/1963', 'Università degli studi dell''Insubria');
INSERT INTO rivista VALUES ('5312-5777', 'Scienze alimentari discovery', 7, 'Alimentazione', 2017, 'Pierpaolo Abete');
INSERT INTO articoloscientifico VALUES (default, 'Il mondo dei Cachi', 'Alimentazione', 'Cachi', 2017, 'Le scienze Blog', FALSE, TRUE, FALSE, '5312-5777', 7, NULL );
INSERT INTO rel_autore_articolo VALUES (15, 6);
INSERT INTO libro VALUES ('9788858025192', 'La scienza delle verdure', 'Alimentazione', '14/11/2019', 'Didattico', 'Gribaudo', TRUE, TRUE, FALSE, NULL);
INSERT INTO rel_autore_libro VALUES (15, '9788858025192');
INSERT INTO articoloscientifico VALUES (default, 'Next-generation thermoelectric cooling modules based on high-performance', 'Energia', 'Raffreddamento termoelettrico', 2022, 'Jhon Smith', TRUE, TRUE, FALSE, '5631-2233', 6, 3);
INSERT INTO autore VALUES (default, 'Jiawei Yang', '03/10/1974', 'Hinese Academy of Sciences');
INSERT INTO rel_autore_articolo VALUES (16, 7);
INSERT INTO rivista VALUES ('5656-3541', 'Academia', 3, 'Ingegneria', 2018, 'Mike Fettucini');
INSERT INTO articoloscientifico VALUES (default, 'Chemometrics', 'Ingegneria', 'Spettroscopia applicata', 2018, 'Lara Elliot', TRUE, TRUE, FALSE, '5656-3541', 3, NULL);
INSERT INTO autore VALUES (default, 'Barry Lavine', '10/05/1991', 'Univeristy of Oxford');
INSERT INTO rel_autore_articolo VALUES (17, 8);
INSERT INTO libro VALUES ('9781119758334', 'Data Analytics for Organisational Development: Unleashing the Potential of Your Data', 'Informatico', '26/07/2021', 'Didattico', 'John Wiley & Sons', TRUE, TRUE, FALSE, NULL);
INSERT INTO autore VALUES (default, 'Uwe Kafman', '21/04/1977', 'University of Oxford');
INSERT INTO rel_autore_libro VALUES (18, '9781119758334');
INSERT INTO libro VALUES ('9798533314220', 'Imparo a scrivere con i Dinosauri', 'Bambini', '09/07/2021', 'Didattico', 'Tippytape Books', TRUE, FALSE, FALSE, NULL);
INSERT INTO autore VALUES (default, 'Claudio Bisio', '09/08/1970', NULL);
INSERT INTO rel_autore_libro VALUES (19, '9798533314220');
INSERT INTO rivista VALUES ('5362-2555', 'IEEE Cloud Computing', 5, 'Informatica', 2018, 'Mazin Yousif');
INSERT INTO articoloscientifico VALUES (default, 'Biometrics as a Service: Cloud-Based Tehcnology, System and Applications', 'Informatica', 'Cloud Computing', 2018, 'Mazin Yousif', TRUE, TRUE, FALSE, '5362-2555', 5,  NULL);
INSERT INTO autore VALUES (default, 'Silvio Barra', '07/08/1985', 'Università degli studi di Napoli Federico II');
INSERT INTO rel_autore_articolo VALUES (20, 9);
INSERT INTO libro VALUES ('9788879594189', 'Elementi di Fisica', 'Fisica', '17/4/2018', 'Didattico', 'Edises', TRUE, TRUE, FALSE, NULL);
INSERT INTO autore VALUES (default, 'P.Mazzoldi', '18/07/1969'), (default, 'M.Nigro', '20/01/1980');
INSERT INTO rel_autore_libro VALUES (21, '9788879594189'), (22,'9788879594189');
INSERT INTO libro VALUES ('9798673204344', 'Imparare a Scrivere Lettere e Numeri con gli Unicorni', 'Bambini', '07/08/2020', 'Didattico', 'Tippytape Books', TRUE, FALSE, FALSE, NULL);
INSERT INTO autore VALUES (default, 'Anna Rossi', '05/11/1990',  NULL);
INSERT INTO rel_autore_libro VALUES (23, '9798673204344');
INSERT INTO libro VALUES ('9788873079491', 'Il libro della terra. La straordinaria storia del nostro pianeta', 'Scienze', '03/10/2018', 'Didattico', 'Tippytape Books', TRUE, FALSE, FALSE, NULL);
INSERT INTO autore VALUES (default, 'Mark Break', '30/11/1990', NULL);
INSERT INTO rel_autore_libro VALUES (24, '9788873079491');
INSERT INTO collana VALUES ('9879-0145', 'Impara le basi per bambini', 'Libri didattici per bambini', 'Raccolta di libri didatti per bambini per imparare a leggere e scrivere.', '19/09/2018', 'Angelo Scamardella', 'Tippytape Books');
INSERT INTO rel_libro_collana VALUES ('9798673204344', '9879-0145', '09/11/2020'), ('9788873079491', '9879-0145', '09/11/2020'), ('9798533314220', '9879-0145', '09/11/2021');
INSERT INTO libro VALUES ('9788817108485', 'La casa che mi porta via', 'Narrativa', '10/12/2019', 'Romanzo', 'Rizzoli', TRUE, TRUE, FALSE, NULL);
INSERT INTO autore VALUES (default, 'Sophie Anderson', '09/08/1990', NULL);
INSERT INTO rel_autore_libro VALUES (25, '9788817108485');
INSERT INTO libro VALUES ('9788817099257', 'Ink', 'Narrativa', '10/10/2018', 'Romanzo', 'Rizzoli', TRUE, TRUE, TRUE, NULL);
INSERT INTO autore VALUES (default, 'Alice Broadway', '09/09/2000', NULL);
INSERT INTO rel_autore_libro VALUES (26,'9788817099257');
INSERT INTO libro VALUES ('9788868360740', 'Stagioni diverse', 'Horror', '10/03/1982', 'Romanzo', 'Pickwick', TRUE, TRUE, TRUE, NULL);
INSERT INTO autore VALUES (default, 'Stephen King', '21/07/1947', NULL);
INSERT INTO rel_autore_libro VALUES (27, '9788868360740');
INSERT INTO libro VALUES ('9788807900396', 'Uno, nessuno e centomila', 'Psicologico', '10/05/1926', 'Romanzo', 'Feltrielli', TRUE, TRUE, TRUE, NULL);
INSERT INTO autore VALUES (default, 'Luigi Pirandello', '28/06/1896', NULL);
INSERT INTO rel_autore_libro VALUES (28, '9788807900396');
INSERT INTO libro VALUES ('9788804521686', 'I nostri antenati', 'Narrativa', '14/09/1960', 'Romanzo', 'Enaudi', TRUE, TRUE, TRUE, NULL);
INSERT INTO autore VALUES (default, 'Italo Calvino', '15/10/1923', NULL);
INSERT INTO rel_autore_libro VALUES (29, '9788804521686');
INSERT INTO libro VALUES ('9772280977464', 'A Scuola di Pasticceria con Iginio Massari', 'Cucina', '17/09/2018', 'Didattico', 'Corriere della sera', TRUE, FALSE, FALSE, NULL);
INSERT INTO autore VALUES (default, 'Iginio Massari', '29/08/1942', NULL);
INSERT INTO rel_autore_libro VALUES (30, '9772280977464');
INSERT INTO libro VALUES ('9788817148160', 'La ragazza degli orsi', 'Narrativo', '10/07/2020', 'Romanzo', 'Rizzoli', TRUE, TRUE, FALSE, NULL);
INSERT INTO rel_autore_libro VALUES (25, '9788817148160');
INSERT INTO libro VALUES ('9788817158077', 'Il castello incantato di Olia', 'Narrativa', '08/08/2021', 'Romanzo', 'Rizzoli', TRUE, TRUE, FALSE, NULL);
INSERT INTO rel_autore_libro VALUES (25, '9788817158077');
INSERT INTO libro VALUES ('9788868365622', 'IT', 'Horror', '05/05/1986', 'Romanzo', 'Pickwick', TRUE, TRUE, TRUE, NULL);
INSERT INTO rel_autore_libro VALUES (27, '9788868365622');
INSERT INTO libro VALUES ('9788867582310', 'Il fu Mattia Pascal', 'Psicologico', '17/06/1904', 'Romanzo', 'Edimedia', TRUE, TRUE, TRUE, NULL);
INSERT INTO rel_autore_libro VALUES (28, '9788867582310');
INSERT INTO serie VALUES (default, 'Le Cronache del Ghiaccio e Del Fuoco');
INSERT INTO autore VALUES (default, 'George R. R. Martin', '20/09/1948',  NULL);
INSERT INTO libro VALUES ('9788804750833', 'A Dance with Dragons', 'Fantasy', '12/12/2012', 'Romanzo', 'Mondadori', TRUE, TRUE, FALSE, NULL);
INSERT INTO libro VALUES ('9788804750826', 'A Feast for Crows', 'Fantasy', '10/10/2007', 'Romanzo', 'Mondadori', TRUE, TRUE, FALSE, '9788804750833');
INSERT INTO libro VALUES ('9788804750819', 'A Storm of Swords', 'Fantasy', '10/01/2003', 'Romanzo', 'Mondadori', TRUE, TRUE, FALSE, '9788804750826');
INSERT INTO libro VALUES ('9788804750802', 'A Clash of Kings', 'Fantasy', '05/02/2001', 'Romanzo', 'Mondadori', TRUE, TRUE, FALSE, '9788804750819');
INSERT INTO libro VALUES ('9788804750789', 'A Game of Thrones', 'Fantasy', '05/07/1999', 'Romanzo', 'Mondadori', TRUE, TRUE, FALSE, '9788804750802');
INSERT INTO rel_autore_libro VALUES (31, '9788804750833'), (31, '9788804750826'), (31, '9788804750819'), (31, '9788804750802'), (31, '9788804750789');
INSERT INTO rel_libro_serie VALUES ('9788804750789', 3), ('9788804750833', 3), ('9788804750826', 3), ('9788804750819', 3), ('9788804750802', 3);
INSERT INTO serie VALUES (default, 'Le Cronache di Narnia');
INSERT INTO autore VALUES (default, 'C.S. Lewis', '29/10/1898', NULL);
INSERT INTO libro VALUES ('9788804706281', 'L''Ultima Battaglia', 'Fantasy', '03/12/1993', 'Romanzo', 'Mondadori', TRUE, TRUE, TRUE, NULL);
INSERT INTO libro VALUES ('9788804706298', 'La Sedia di Argento', 'Fantasy', '20/11/1993', 'Romanzo', 'Mondadori', TRUE, TRUE, TRUE, '9788804706281');
INSERT INTO libro VALUES ('9788804706304', 'Il Viaggio del Veliero', 'Fantasy', '03/10/1993', 'Romanzo', 'Mondadori', TRUE, TRUE, TRUE, '9788804706298');
INSERT INTO libro VALUES ('9788804706243', 'Il Principe Caspian', 'Fantasy', '30/04/1993', 'Romanzo', 'Mondadori', TRUE, TRUE, TRUE, '9788804706304');
INSERT INTO libro VALUES ('9788804706274', 'Il Cavallo e il Ragazzo', 'Fantasy', '20/12/1992', 'Romanzo', 'Mondadori', TRUE, TRUE, TRUE, '9788804706243');
INSERT INTO libro VALUES ('9788804706250', 'Il Leone La Strega e l''Armadio', 'Fantasy', '23/10/1992', 'Romanzo', 'Mondadori', TRUE, TRUE, TRUE, '9788804706274');
INSERT INTO libro VALUES ('9788804706267', 'Il Nipote del Mago', 'Fantasy', '03/01/1992', 'Romanzo', 'Mondadori', TRUE, TRUE, TRUE, '9788804706250');
INSERT INTO rel_autore_libro VALUES (32, '9788804706281'), (32, '9788804706298'), (32, '9788804706304'), (32, '9788804706243'), (32, '9788804706274'), (32, '9788804706250'), (32, '9788804706267');
INSERT INTO rel_libro_serie VALUES ('9788804706281', 4), ('9788804706298', 4), ('9788804706304', 4), ('9788804706243', 4), ('9788804706274', 4), ('9788804706250', 4), ('9788804706267', 4);
INSERT INTO autore VALUES (default, 'Kristina Ohlsson', '02/03/1979', NULL);
INSERT INTO serie VALUES (default, 'Le Avventure di Billy Wilson');
INSERT INTO libro VALUES ('9788893811101', 'Gli Angeli di Pietra', 'Giallo', '08/08/2019', 'Romanzo', 'Salani Editore', TRUE, TRUE, FALSE, NULL);
INSERT INTO libro VALUES ('9788893810913', 'Il Bambino di Argento', 'Giallo', '08/12/2017', 'Romanzo', 'Salani Editore', TRUE, TRUE, FALSE, '9788893811101');
INSERT INTO libro VALUES ('9788867159871', 'Bambini di Cristallo', 'Giallo', '30/05/2015', 'Romanzo', 'Salani Editore', TRUE, TRUE, FALSE, '9788893810913');
INSERT INTO rel_autore_libro VALUES (33, '9788893810913'), (33, '9788867159871'), (33, '9788893811101');
INSERT INTO rel_libro_serie VALUES ('9788893810913', 5), ('9788867159871', 5), ('9788893811101', 5);
INSERT INTO sala VALUES (default, 'Fondanzione The Bridge', 'Via R.Lambruschini, 36, Milano (MI)', 100);
INSERT INTO sala VALUES (default, 'Prassede Palace', 'Via S.Giovanni Gualberto, 11, Roma (RM)', 75);
INSERT INTO sala VALUES (default, 'Sulmona Eventi', 'Via F.Freda, 51, Sulmona (AQ)', 40);
INSERT INTO sala VALUES (default, 'Best Western Hotel Crimea', 'Via Mentana, 3, Torino (TO)', 120);
INSERT INTO sala VALUES (default, 'Millenium Gold Hotel', 'Viale C.Umberto Maddalena, 192, Napoli(NA)', 100);
INSERT INTO rel_libro_sala VALUES ('9788804577027', 4, '26/01/2008');
INSERT INTO rel_libro_sala VALUES ('9788858025192', 4, '13/11/2019');
INSERT INTO rel_libro_sala VALUES ('9798533314220', 3, '09/07/2021');
INSERT INTO rel_libro_sala VALUES ('9772280977464', 5, '17/08/2019');
INSERT INTO rel_libro_sala VALUES ('9788817099257', 2, '10/10/2018');
INSERT INTO rel_libro_sala VALUES ('9798673204344', 1, '08/08/2020');
INSERT INTO negozio VALUES (default, 'LaFeltrinelli', 'lafeltrinelli.it');
INSERT INTO puntovendita VALUES (default, 'LaFeltrinelli Express', 'Napoli', 2);
INSERT INTO puntovendita VALUES (default, 'LaFeltrinelli Roma', 'Roma', 2);
INSERT INTO puntovendita VALUES (default, 'LaFeltrinelli Libri e Musica', 'Milano', 2);
INSERT INTO puntovendita VALUES (default, 'LaFeltrinelli Bergamo', 'Bergamo', 2);
INSERT INTO puntovendita VALUES (default, 'Mondadori MegaStore Milano', 'Milano', 1);
INSERT INTO puntovendita VALUES (default, 'Mondadori BookStore Roma', 'Roma', 1);
INSERT INTO puntovendita VALUES (default, 'Mondadori BookStore Catania', 'Catania', 1);
INSERT INTO puntovendita VALUES (default, 'Mondadori BookStore Firenze', 'Firenze', 1);
INSERT INTO negozio VALUES (default, 'Unilibro', 'unilibro.it');
INSERT INTO rel_serie_utente VALUES ('VincenzoPalma', 2);
INSERT INTO rel_serie_utente VALUES ('AngeloRiccio', 1);
INSERT INTO rel_serie_utente VALUES ('AngeloRiccio', 5);
INSERT INTO rel_serie_utente VALUES ('GiovanniPaone', 3);
INSERT INTO rel_serie_utente VALUES ('GiovanniPaone', 4);
INSERT INTO rel_serie_utente VALUES ('VincenzoPalma', 3);
INSERT INTO rel_serie_utente VALUES ('AngeloRiccio', 3);
INSERT INTO rel_libro_negozio VALUES ('9788831003445', 13.00, 1);
INSERT INTO rel_libro_negozio VALUES ('9788831003438', 11.50, 1);
INSERT INTO rel_libro_negozio VALUES ('9788867155989', 10.00, 1);
INSERT INTO rel_libro_negozio VALUES ('9788869186127', 15.50, 1);
INSERT INTO rel_libro_negozio VALUES ('9788831003391', 12.99, 1);
INSERT INTO rel_libro_negozio VALUES ('9788831003421', 20.00, 1);
INSERT INTO rel_libro_negozio VALUES ('9788893811101', 19.00, 1);
INSERT INTO rel_libro_negozio VALUES ('9788893810913', 15.00, 1);
INSERT INTO rel_libro_negozio VALUES ('9788867159871', 12.00, 1);
INSERT INTO rel_libro_negozio VALUES ('9788804750833', 12.50, 1);
INSERT INTO rel_libro_negozio VALUES ('9788804750819', 14.00, 1);
INSERT INTO rel_libro_negozio VALUES ('9788804706274', 17.00, 1);
INSERT INTO rel_libro_negozio VALUES ('9788873079491', 12.50, 1);
INSERT INTO rel_libro_negozio VALUES ('9798673204344', 19.50, 1);
INSERT INTO rel_libro_negozio VALUES ('9788817099257', 10.50, 1);
INSERT INTO rel_libro_negozio VALUES ('9788879594189', 12.50, 1);
INSERT INTO rel_libro_negozio VALUES ('9788804750833', 14.50, 2);
INSERT INTO rel_libro_negozio VALUES ('9788804750826', 11.50, 2);
INSERT INTO rel_libro_negozio VALUES ('9788804750819', 14.50, 2);
INSERT INTO rel_libro_negozio VALUES ('9788804750802', 15.50, 2);
INSERT INTO rel_libro_negozio VALUES ('9788804750789', 16.50, 2);
INSERT INTO rel_libro_negozio VALUES ('9788804706250', 15.50, 3);
INSERT INTO rel_libro_negozio VALUES ('9788804706281', 19.50, 3);
INSERT INTO rel_libro_negozio VALUES ('9788817148160', 10.50, 3);
INSERT INTO rel_libro_negozio VALUES ('9788817108485', 15.20, 3);
INSERT INTO rel_libro_negozio VALUES ('9788804521686', 9.50, 3);
INSERT INTO rel_libro_negozio VALUES ('9798533314220', 15.50, 3);
INSERT INTO rel_libro_negozio VALUES ('9788868360740', 9.99, 4);
INSERT INTO rel_libro_negozio VALUES ('9798673204344', 19.99, 4);
INSERT INTO rel_libro_negozio VALUES ('9781119758334', 30.99, 4);
INSERT INTO rel_libro_negozio VALUES ('9788879594189', 40.99, 4);
INSERT INTO rel_libro_negozio VALUES ('9788868365622', 15.99, 4);
INSERT INTO rel_libro_collana VALUES ('9788804706267', '5902-8503', '17/08/2009'), ('9788804750789', '5902-8503', '17/08/2009');